Ans	Guess	Size	DistRatio	Dist	I	J
0	0	356	0.536517	191	10010.cpp	10806.cpp
0	0	334.5	0.499253	167	10010.cpp	10936.cpp
0	0	333.5	0.476762	159	10010.cpp	11637.cpp
0	0	342	0.593567	203	10010.cpp	11716.cpp
0	0	385	0.579221	223	10010.cpp	12153.java
0	0	299	0.615385	184	10010.cpp	12751.cpp
0	0	325.5	0.491551	160	10010.cpp	12843.cpp
0	0	370.5	0.377868	140	10010.cpp	13939.cpp
0	0	386	0.582902	225	10010.cpp	14203.java
0	0	295.5	0.622673	184	10010.cpp	14566.cpp
0	0	328.5	0.462709	152	10010.cpp	14925.cpp
0	0	321.5	0.485226	156	10010.cpp	14956.cpp
0	0	386	0.582902	225	10010.cpp	15148.java
0	0	334.5	0.499253	167	10010.cpp	1532.cpp
0	0	340.5	0.443465	151	10010.cpp	16479.cpp
0	0	361.5	0.484094	175	10010.cpp	18303.cpp
0	0	343.5	0.395924	136	10010.cpp	18912.cpp
0	0	432	0.685185	296	10010.cpp	19077.cpp
0	0	390	0.617949	241	10010.cpp	19392.dpr
0	0	500.5	0.863137	432	10010.cpp	19399.cpp
0	0	350.5	0.53067	186	10010.cpp	20371.cpp
0	0	362.5	0.537931	195	10010.cpp	22865.cpp
0	0	340.5	0.408223	139	10010.cpp	23074.cpp
0	0	394	0.56599	223	10010.cpp	23215.cpp
0	0	324	0.481481	156	10010.cpp	23836.cpp
0	0	406.5	0.516605	210	10010.cpp	24249.cpp
0	0	360	0.527778	190	10010.cpp	24900.cpp
0	0	578.5	0.957649	554	10010.cpp	25440.cpp
0	0	350.5	0.407989	143	10010.cpp	2627.cpp
0	0	353.5	0.44413	157	10010.cpp	26823.cpp
0	0	386.5	0.600259	232	10010.cpp	29006.cpp
0	0	362	0.406077	147	10010.cpp	30738.cpp
0	0	413.5	0.590085	244	10010.cpp	31258.cpp
0	0	319.5	0.519562	166	10010.cpp	31474.cpp
0	0	385.5	0.498054	192	10010.cpp	32153.cpp
0	0	370.5	0.388664	144	10010.cpp	3484.cpp
0	0	325.5	0.491551	160	10010.cpp	3489.cpp
0	0	325.5	0.491551	160	10010.cpp	3535.cpp
0	0	381.5	0.495413	189	10010.cpp	3939.cpp
0	0	305.5	0.461538	141	10010.cpp	4206.cpp
0	0	373	0.546917	204	10010.cpp	4417.cpp
0	0	370.5	0.388664	144	10010.cpp	5219.cpp
0	0	394.5	0.506971	200	10010.cpp	8051.cpp
0	0	324.5	0.459168	149	10010.cpp	839.cpp
0	0	369.5	0.395129	146	10010.cpp	8705.cpp
0	0	342	0.502924	172	10010.cpp	8995.cpp
0	0	387.5	0.52129	202	10010.cpp	9573.cpp
0	0	354.5	0.459803	163	10806.cpp	10936.cpp
0	0	353.5	0.503536	178	10806.cpp	11637.cpp
0	0	362	0.513812	186	10806.cpp	11716.cpp
0	0	405	0.567901	230	10806.cpp	12153.java
0	0	319	0.53605	171	10806.cpp	12751.cpp
0	0	345.5	0.431259	149	10806.cpp	12843.cpp
0	0	390.5	0.571063	223	10806.cpp	13939.cpp
0	0	406	0.566502	230	10806.cpp	14203.java
0	0	315.5	0.605388	191	10806.cpp	14566.cpp
0	0	348.5	0.568149	198	10806.cpp	14925.cpp
0	0	341.5	0.541728	185	10806.cpp	14956.cpp
0	0	406	0.566502	230	10806.cpp	15148.java
0	0	354.5	0.507757	180	10806.cpp	1532.cpp
0	0	360.5	0.404993	146	10806.cpp	16479.cpp
0	0	381.5	0.474443	181	10806.cpp	18303.cpp
0	0	363.5	0.563961	205	10806.cpp	18912.cpp
0	0	452	0.612832	277	10806.cpp	19077.cpp
0	0	410	0.639024	262	10806.cpp	19392.dpr
0	0	520.5	0.774256	403	10806.cpp	19399.cpp
0	0	370.5	0.520918	193	10806.cpp	20371.cpp
0	0	382.5	0.562092	215	10806.cpp	22865.cpp
0	0	360.5	0.471567	170	10806.cpp	23074.cpp
0	0	414	0.545894	226	10806.cpp	23215.cpp
0	0	344	0.444767	153	10806.cpp	23836.cpp
0	0	426.5	0.614302	262	10806.cpp	24249.cpp
0	0	380	0.431579	164	10806.cpp	24900.cpp
0	0	598.5	0.850459	509	10806.cpp	25440.cpp
0	0	370.5	0.502024	186	10806.cpp	2627.cpp
0	0	373.5	0.420348	157	10806.cpp	26823.cpp
0	0	406.5	0.597786	243	10806.cpp	29006.cpp
0	0	382	0.486911	186	10806.cpp	30738.cpp
0	0	433.5	0.479815	208	10806.cpp	31258.cpp
0	0	339.5	0.533137	181	10806.cpp	31474.cpp
0	0	405.5	0.532676	216	10806.cpp	32153.cpp
0	0	390.5	0.49936	195	10806.cpp	3484.cpp
0	0	345.5	0.431259	149	10806.cpp	3489.cpp
0	0	345.5	0.431259	149	10806.cpp	3535.cpp
0	0	401.5	0.483188	194	10806.cpp	3939.cpp
0	0	325.5	0.552995	180	10806.cpp	4206.cpp
0	0	393	0.521628	205	10806.cpp	4417.cpp
0	0	390.5	0.49936	195	10806.cpp	5219.cpp
0	0	414.5	0.501809	208	10806.cpp	8051.cpp
0	0	344.5	0.478955	165	10806.cpp	839.cpp
0	0	389.5	0.503209	196	10806.cpp	8705.cpp
0	0	362	0.585635	212	10806.cpp	8995.cpp
0	0	407.5	0.527607	215	10806.cpp	9573.cpp
0	0	332	0.509036	169	10936.cpp	11637.cpp
0	0	340.5	0.508076	173	10936.cpp	11716.cpp
0	0	383.5	0.505867	194	10936.cpp	12153.java
0	0	297.5	0.57479	171	10936.cpp	12751.cpp
1	1	324	0.0555556	18	10936.cpp	12843.cpp
0	0	369	0.574526	212	10936.cpp	13939.cpp
0	0	384.5	0.509753	196	10936.cpp	14203.java
0	0	294	0.581633	171	10936.cpp	14566.cpp
0	0	327	0.477064	156	10936.cpp	14925.cpp
0	0	320	0.396875	127	10936.cpp	14956.cpp
0	0	384.5	0.509753	196	10936.cpp	15148.java
0	0	333	0.546547	182	10936.cpp	1532.cpp
0	0	339	0.430678	146	10936.cpp	16479.cpp
0	0	360	0.569444	205	10936.cpp	18303.cpp
0	0	342	0.549708	188	10936.cpp	18912.cpp
0	0	430.5	0.703833	303	10936.cpp	19077.cpp
0	0	388.5	0.648649	252	10936.cpp	19392.dpr
0	0	499	0.865731	432	10936.cpp	19399.cpp
0	0	349	0.484241	169	10936.cpp	20371.cpp
0	0	361	0.465374	168	10936.cpp	22865.cpp
0	0	339	0.486726	165	10936.cpp	23074.cpp
0	0	392.5	0.585987	230	10936.cpp	23215.cpp
0	0	322.5	0.517829	167	10936.cpp	23836.cpp
0	0	405	0.654321	265	10936.cpp	24249.cpp
0	0	358.5	0.479777	172	10936.cpp	24900.cpp
0	0	577	0.974003	562	10936.cpp	25440.cpp
0	0	349	0.530086	185	10936.cpp	2627.cpp
0	0	352	0.542614	191	10936.cpp	26823.cpp
0	0	385	0.633766	244	10936.cpp	29006.cpp
0	0	360.5	0.518724	187	10936.cpp	30738.cpp
0	0	412	0.609223	251	10936.cpp	31258.cpp
0	0	318	0.430818	137	10936.cpp	31474.cpp
0	0	384	0.518229	199	10936.cpp	32153.cpp
0	0	369	0.471545	174	10936.cpp	3484.cpp
1	1	324	0.0555556	18	10936.cpp	3489.cpp
1	1	324	0.0555556	18	10936.cpp	3535.cpp
0	0	380	0.565789	215	10936.cpp	3939.cpp
0	0	304	0.5625	171	10936.cpp	4206.cpp
0	0	371.5	0.602961	224	10936.cpp	4417.cpp
0	0	369	0.471545	174	10936.cpp	5219.cpp
0	0	393	0.575064	226	10936.cpp	8051.cpp
0	0	323	0.551084	178	10936.cpp	839.cpp
0	0	368	0.478261	176	10936.cpp	8705.cpp
0	0	340.5	0.549192	187	10936.cpp	8995.cpp
0	0	386	0.533679	206	10936.cpp	9573.cpp
0	0	339.5	0.594993	202	11637.cpp	11716.cpp
0	0	382.5	0.56732	217	11637.cpp	12153.java
0	0	296.5	0.573356	170	11637.cpp	12751.cpp
0	0	323	0.479876	155	11637.cpp	12843.cpp
0	0	368	0.546196	201	11637.cpp	13939.cpp
0	0	383.5	0.565841	217	11637.cpp	14203.java
0	0	293	0.559727	164	11637.cpp	14566.cpp
0	0	326	0.52454	171	11637.cpp	14925.cpp
0	0	319	0.529781	169	11637.cpp	14956.cpp
0	0	383.5	0.565841	217	11637.cpp	15148.java
0	0	332	0.478916	159	11637.cpp	1532.cpp
0	0	338	0.443787	150	11637.cpp	16479.cpp
0	0	359	0.481894	173	11637.cpp	18303.cpp
0	0	341	0.489736	167	11637.cpp	18912.cpp
0	0	429.5	0.712456	306	11637.cpp	19077.cpp
0	0	387.5	0.650323	252	11637.cpp	19392.dpr
0	0	498	0.833333	415	11637.cpp	19399.cpp
0	0	348	0.551724	192	11637.cpp	20371.cpp
0	0	360	0.597222	215	11637.cpp	22865.cpp
0	0	338	0.461538	156	11637.cpp	23074.cpp
0	0	391.5	0.546616	214	11637.cpp	23215.cpp
0	0	321.5	0.482115	155	11637.cpp	23836.cpp
0	0	404	0.601485	243	11637.cpp	24249.cpp
0	0	357.5	0.514685	184	11637.cpp	24900.cpp
0	0	576	0.928819	535	11637.cpp	25440.cpp
0	0	348	0.494253	172	11637.cpp	2627.cpp
0	0	351	0.430199	151	11637.cpp	26823.cpp
0	0	384	0.580729	223	11637.cpp	29006.cpp
0	0	359.5	0.464534	167	11637.cpp	30738.cpp
0	0	411	0.579075	238	11637.cpp	31258.cpp
0	0	317	0.533123	169	11637.cpp	31474.cpp
0	0	383	0.584856	224	11637.cpp	32153.cpp
0	0	368	0.497283	183	11637.cpp	3484.cpp
0	0	323	0.479876	155	11637.cpp	3489.cpp
0	0	323	0.479876	155	11637.cpp	3535.cpp
0	0	379	0.51715	196	11637.cpp	3939.cpp
0	0	303	0.485149	147	11637.cpp	4206.cpp
0	0	370.5	0.526316	195	11637.cpp	4417.cpp
0	0	368	0.497283	183	11637.cpp	5219.cpp
0	0	392	0.545918	214	11637.cpp	8051.cpp
0	0	322	0.425466	137	11637.cpp	839.cpp
0	0	367	0.495913	182	11637.cpp	8705.cpp
0	0	339.5	0.4919	167	11637.cpp	8995.cpp
0	0	385	0.54026	208	11637.cpp	9573.cpp
0	0	391	0.626598	245	11716.cpp	12153.java
0	0	305	0.521311	159	11716.cpp	12751.cpp
0	0	331.5	0.512821	170	11716.cpp	12843.cpp
0	0	376.5	0.613546	231	11716.cpp	13939.cpp
0	0	392	0.627551	246	11716.cpp	14203.java
0	0	301.5	0.507463	153	11716.cpp	14566.cpp
0	0	334.5	0.550075	184	11716.cpp	14925.cpp
0	0	327.5	0.50687	166	11716.cpp	14956.cpp
0	0	392	0.627551	246	11716.cpp	15148.java
0	0	340.5	0.558003	190	11716.cpp	1532.cpp
0	0	346.5	0.559885	194	11716.cpp	16479.cpp
0	0	367.5	0.557823	205	11716.cpp	18303.cpp
0	0	349.5	0.600858	210	11716.cpp	18912.cpp
0	0	438	0.69863	306	11716.cpp	19077.cpp
0	0	396	0.64899	257	11716.cpp	19392.dpr
0	0	506.5	0.831194	421	11716.cpp	19399.cpp
0	0	356.5	0.482468	172	11716.cpp	20371.cpp
0	0	368.5	0.550882	203	11716.cpp	22865.cpp
0	0	346.5	0.594517	206	11716.cpp	23074.cpp
0	0	400	0.6325	253	11716.cpp	23215.cpp
0	0	330	0.575758	190	11716.cpp	23836.cpp
0	0	412.5	0.705455	291	11716.cpp	24249.cpp
0	0	366	0.579235	212	11716.cpp	24900.cpp
0	0	584.5	0.992301	580	11716.cpp	25440.cpp
0	0	356.5	0.56662	202	11716.cpp	2627.cpp
0	0	359.5	0.586926	211	11716.cpp	26823.cpp
0	0	392.5	0.580892	228	11716.cpp	29006.cpp
0	0	368	0.616848	227	11716.cpp	30738.cpp
0	0	419.5	0.665077	279	11716.cpp	31258.cpp
0	0	325.5	0.442396	144	11716.cpp	31474.cpp
0	0	391.5	0.643678	252	11716.cpp	32153.cpp
0	0	376.5	0.59761	225	11716.cpp	3484.cpp
0	0	331.5	0.512821	170	11716.cpp	3489.cpp
0	0	331.5	0.512821	170	11716.cpp	3535.cpp
0	0	387.5	0.606452	235	11716.cpp	3939.cpp
0	0	311.5	0.552167	172	11716.cpp	4206.cpp
0	0	379	0.596306	226	11716.cpp	4417.cpp
0	0	376.5	0.59761	225	11716.cpp	5219.cpp
0	0	400.5	0.634207	254	11716.cpp	8051.cpp
0	0	330.5	0.559758	185	11716.cpp	839.cpp
0	0	375.5	0.604527	227	11716.cpp	8705.cpp
0	0	348	0.41092	143	11716.cpp	8995.cpp
0	0	393.5	0.622618	245	11716.cpp	9573.cpp
0	0	348	0.770115	268	12153.java	12751.cpp
0	0	374.5	0.526035	197	12153.java	12843.cpp
0	0	419.5	0.550656	231	12153.java	13939.cpp
1	1	435	0.0045977	2	12153.java	14203.java
0	0	344.5	0.754717	260	12153.java	14566.cpp
0	0	377.5	0.622517	235	12153.java	14925.cpp
0	0	370.5	0.604588	224	12153.java	14956.cpp
1	1	435	0.0045977	2	12153.java	15148.java
0	0	383.5	0.584094	224	12153.java	1532.cpp
0	0	389.5	0.536585	209	12153.java	16479.cpp
0	0	410.5	0.589525	242	12153.java	18303.cpp
0	0	392.5	0.606369	238	12153.java	18912.cpp
0	0	481	0.590437	284	12153.java	19077.cpp
0	0	439	0.57631	253	12153.java	19392.dpr
0	0	549.5	0.735214	404	12153.java	19399.cpp
0	0	399.5	0.603254	241	12153.java	20371.cpp
0	0	411.5	0.517618	213	12153.java	22865.cpp
0	0	389.5	0.585366	228	12153.java	23074.cpp
0	0	443	0.564334	250	12153.java	23215.cpp
0	0	373	0.613941	229	12153.java	23836.cpp
0	0	455.5	0.557629	254	12153.java	24249.cpp
0	0	409	0.579462	237	12153.java	24900.cpp
0	0	627.5	0.793625	498	12153.java	25440.cpp
0	0	399.5	0.583229	233	12153.java	2627.cpp
0	0	402.5	0.563975	227	12153.java	26823.cpp
0	0	435.5	0.580941	253	12153.java	29006.cpp
0	0	411	0.527981	217	12153.java	30738.cpp
0	0	462.5	0.540541	250	12153.java	31258.cpp
0	0	368.5	0.599729	221	12153.java	31474.cpp
0	0	434.5	0.499425	217	12153.java	32153.cpp
0	0	419.5	0.52205	219	12153.java	3484.cpp
0	0	374.5	0.526035	197	12153.java	3489.cpp
0	0	374.5	0.526035	197	12153.java	3535.cpp
0	0	430.5	0.518002	223	12153.java	3939.cpp
0	0	354.5	0.665726	236	12153.java	4206.cpp
0	0	422	0.594787	251	12153.java	4417.cpp
0	0	419.5	0.52205	219	12153.java	5219.cpp
0	0	443.5	0.559188	248	12153.java	8051.cpp
0	0	373.5	0.645248	241	12153.java	839.cpp
0	0	418.5	0.523297	219	12153.java	8705.cpp
0	0	391	0.626598	245	12153.java	8995.cpp
0	0	436.5	0.455899	199	12153.java	9573.cpp
0	0	288.5	0.544194	157	12751.cpp	12843.cpp
0	0	333.5	0.71964	240	12751.cpp	13939.cpp
0	0	349	0.773639	270	12751.cpp	14203.java
0	0	258.5	0.324952	84	12751.cpp	14566.cpp
0	0	291.5	0.559177	163	12751.cpp	14925.cpp
0	0	284.5	0.453427	129	12751.cpp	14956.cpp
0	0	349	0.773639	270	12751.cpp	15148.java
0	0	297.5	0.594958	177	12751.cpp	1532.cpp
0	0	303.5	0.563427	171	12751.cpp	16479.cpp
0	0	324.5	0.647149	210	12751.cpp	18303.cpp
0	0	306.5	0.606852	186	12751.cpp	18912.cpp
0	0	395	0.797468	315	12751.cpp	19077.cpp
0	0	353	0.78187	276	12751.cpp	19392.dpr
0	0	463.5	0.964401	447	12751.cpp	19399.cpp
0	0	313.5	0.602871	189	12751.cpp	20371.cpp
0	0	325.5	0.682028	222	12751.cpp	22865.cpp
0	0	303.5	0.616145	187	12751.cpp	23074.cpp
0	0	357	0.753501	269	12751.cpp	23215.cpp
0	0	287	0.494774	142	12751.cpp	23836.cpp
0	0	369.5	0.830853	307	12751.cpp	24249.cpp
0	0	323	0.603715	195	12751.cpp	24900.cpp
0	0	541.5	1.12835	611	12751.cpp	25440.cpp
0	0	313.5	0.580542	182	12751.cpp	2627.cpp
0	0	316.5	0.654028	207	12751.cpp	26823.cpp
0	0	349.5	0.646638	226	12751.cpp	29006.cpp
0	0	325	0.692308	225	12751.cpp	30738.cpp
0	0	376.5	0.741036	279	12751.cpp	31258.cpp
0	0	282.5	0.484956	137	12751.cpp	31474.cpp
0	0	348.5	0.763271	266	12751.cpp	32153.cpp
0	0	333.5	0.704648	235	12751.cpp	3484.cpp
0	0	288.5	0.544194	157	12751.cpp	3489.cpp
0	0	288.5	0.544194	157	12751.cpp	3535.cpp
0	0	344.5	0.734398	253	12751.cpp	3939.cpp
0	0	268.5	0.480447	129	12751.cpp	4206.cpp
0	0	336	0.592262	199	12751.cpp	4417.cpp
0	0	333.5	0.704648	235	12751.cpp	5219.cpp
0	0	357.5	0.744056	266	12751.cpp	8051.cpp
0	0	287.5	0.497391	143	12751.cpp	839.cpp
0	0	332.5	0.703759	234	12751.cpp	8705.cpp
0	0	305	0.540984	165	12751.cpp	8995.cpp
0	0	350.5	0.738944	259	12751.cpp	9573.cpp
0	0	360	0.577778	208	12843.cpp	13939.cpp
0	0	375.5	0.52996	199	12843.cpp	14203.java
0	0	285	0.54386	155	12843.cpp	14566.cpp
0	0	318	0.471698	150	12843.cpp	14925.cpp
0	0	311	0.405145	126	12843.cpp	14956.cpp
0	0	375.5	0.52996	199	12843.cpp	15148.java
0	0	324	0.518519	168	12843.cpp	1532.cpp
0	0	330	0.442424	146	12843.cpp	16479.cpp
0	0	351	0.575499	202	12843.cpp	18303.cpp
0	0	333	0.552553	184	12843.cpp	18912.cpp
0	0	421.5	0.714116	301	12843.cpp	19077.cpp
0	0	379.5	0.679842	258	12843.cpp	19392.dpr
0	0	490	0.895918	439	12843.cpp	19399.cpp
0	0	340	0.497059	169	12843.cpp	20371.cpp
0	0	352	0.460227	162	12843.cpp	22865.cpp
0	0	330	0.475758	157	12843.cpp	23074.cpp
0	0	383.5	0.589309	226	12843.cpp	23215.cpp
0	0	313.5	0.475279	149	12843.cpp	23836.cpp
0	0	396	0.681818	270	12843.cpp	24249.cpp
0	0	349.5	0.483548	169	12843.cpp	24900.cpp
0	0	568	0.994718	565	12843.cpp	25440.cpp
0	0	340	0.538235	183	12843.cpp	2627.cpp
0	0	343	0.536443	184	12843.cpp	26823.cpp
0	0	376	0.648936	244	12843.cpp	29006.cpp
0	0	351.5	0.512091	180	12843.cpp	30738.cpp
0	0	403	0.630273	254	12843.cpp	31258.cpp
0	0	309	0.433657	134	12843.cpp	31474.cpp
0	0	375	0.533333	200	12843.cpp	32153.cpp
0	0	360	0.494444	178	12843.cpp	3484.cpp
1	1	315	0	0	12843.cpp	3489.cpp
1	1	315	0	0	12843.cpp	3535.cpp
0	0	371	0.566038	210	12843.cpp	3939.cpp
0	0	295	0.542373	160	12843.cpp	4206.cpp
0	0	362.5	0.623448	226	12843.cpp	4417.cpp
0	0	360	0.494444	178	12843.cpp	5219.cpp
0	0	384	0.601562	231	12843.cpp	8051.cpp
0	0	314	0.547771	172	12843.cpp	839.cpp
0	0	359	0.501393	180	12843.cpp	8705.cpp
0	0	331.5	0.54902	182	12843.cpp	8995.cpp
0	0	377	0.541114	204	12843.cpp	9573.cpp
0	0	420.5	0.54459	229	13939.cpp	14203.java
0	0	330	0.730303	241	13939.cpp	14566.cpp
0	0	363	0.53719	195	13939.cpp	14925.cpp
0	0	356	0.567416	202	13939.cpp	14956.cpp
0	0	420.5	0.54459	229	13939.cpp	15148.java
0	0	369	0.544715	201	13939.cpp	1532.cpp
0	0	375	0.472	177	13939.cpp	16479.cpp
0	0	396	0.550505	218	13939.cpp	18303.cpp
0	0	378	0.436508	165	13939.cpp	18912.cpp
0	0	466.5	0.61522	287	13939.cpp	19077.cpp
0	0	424.5	0.546525	232	13939.cpp	19392.dpr
0	0	535	0.75514	404	13939.cpp	19399.cpp
0	0	385	0.558442	215	13939.cpp	20371.cpp
0	0	397	0.536524	213	13939.cpp	22865.cpp
0	0	375	0.472	177	13939.cpp	23074.cpp
0	0	428.5	0.553092	237	13939.cpp	23215.cpp
0	0	358.5	0.591353	212	13939.cpp	23836.cpp
0	0	441	0.473923	209	13939.cpp	24249.cpp
0	0	394.5	0.52725	208	13939.cpp	24900.cpp
0	0	613	0.848287	520	13939.cpp	25440.cpp
0	0	385	0.444156	171	13939.cpp	2627.cpp
0	0	388	0.494845	192	13939.cpp	26823.cpp
0	0	421	0.543943	229	13939.cpp	29006.cpp
0	0	396.5	0.413619	164	13939.cpp	30738.cpp
0	0	448	0.537946	241	13939.cpp	31258.cpp
0	0	354	0.59887	212	13939.cpp	31474.cpp
0	0	420	0.452381	190	13939.cpp	32153.cpp
0	0	405	0.37037	150	13939.cpp	3484.cpp
0	0	360	0.577778	208	13939.cpp	3489.cpp
0	0	360	0.577778	208	13939.cpp	3535.cpp
0	0	416	0.502404	209	13939.cpp	3939.cpp
0	0	340	0.588235	200	13939.cpp	4206.cpp
0	0	407.5	0.527607	215	13939.cpp	4417.cpp
0	0	405	0.37037	150	13939.cpp	5219.cpp
0	0	429	0.51049	219	13939.cpp	8051.cpp
0	0	359	0.534819	192	13939.cpp	839.cpp
0	0	404	0.376238	152	13939.cpp	8705.cpp
0	0	376.5	0.565737	213	13939.cpp	8995.cpp
0	0	422	0.481043	203	13939.cpp	9573.cpp
0	0	345.5	0.755427	261	14203.java	14566.cpp
0	0	378.5	0.623514	236	14203.java	14925.cpp
0	0	371.5	0.608345	226	14203.java	14956.cpp
1	1	436	0	0	14203.java	15148.java
0	0	384.5	0.585176	225	14203.java	1532.cpp
0	0	390.5	0.535211	209	14203.java	16479.cpp
0	0	411.5	0.588092	242	14203.java	18303.cpp
0	0	393.5	0.604828	238	14203.java	18912.cpp
0	0	482	0.591286	285	14203.java	19077.cpp
0	0	440	0.575	253	14203.java	19392.dpr
0	0	550.5	0.732062	403	14203.java	19399.cpp
0	0	400.5	0.601748	241	14203.java	20371.cpp
0	0	412.5	0.521212	215	14203.java	22865.cpp
0	0	390.5	0.586428	229	14203.java	23074.cpp
0	0	444	0.563063	250	14203.java	23215.cpp
0	0	374	0.617647	231	14203.java	23836.cpp
0	0	456.5	0.552026	252	14203.java	24249.cpp
0	0	410	0.580488	238	14203.java	24900.cpp
0	0	628.5	0.789181	496	14203.java	25440.cpp
0	0	400.5	0.58427	234	14203.java	2627.cpp
0	0	403.5	0.565056	228	14203.java	26823.cpp
0	0	436.5	0.579611	253	14203.java	29006.cpp
0	0	412	0.529126	218	14203.java	30738.cpp
0	0	463.5	0.539374	250	14203.java	31258.cpp
0	0	369.5	0.603518	223	14203.java	31474.cpp
0	0	435.5	0.498278	217	14203.java	32153.cpp
0	0	420.5	0.51843	218	14203.java	3484.cpp
0	0	375.5	0.52996	199	14203.java	3489.cpp
0	0	375.5	0.52996	199	14203.java	3535.cpp
0	0	431.5	0.521437	225	14203.java	3939.cpp
0	0	355.5	0.66948	238	14203.java	4206.cpp
0	0	423	0.593381	251	14203.java	4417.cpp
0	0	420.5	0.51843	218	14203.java	5219.cpp
0	0	444.5	0.56243	250	14203.java	8051.cpp
0	0	374.5	0.648865	243	14203.java	839.cpp
0	0	419.5	0.519666	218	14203.java	8705.cpp
0	0	392	0.630102	247	14203.java	8995.cpp
0	0	437.5	0.454857	199	14203.java	9573.cpp
0	0	288	0.565972	163	14566.cpp	14925.cpp
0	0	281	0.462633	130	14566.cpp	14956.cpp
0	0	345.5	0.755427	261	14566.cpp	15148.java
0	0	294	0.57483	169	14566.cpp	1532.cpp
0	0	300	0.576667	173	14566.cpp	16479.cpp
0	0	321	0.635514	204	14566.cpp	18303.cpp
0	0	303	0.620462	188	14566.cpp	18912.cpp
0	0	391.5	0.845466	331	14566.cpp	19077.cpp
0	0	349.5	0.812589	284	14566.cpp	19392.dpr
0	0	460	1	460	14566.cpp	19399.cpp
0	0	310	0.580645	180	14566.cpp	20371.cpp
0	0	322	0.698758	225	14566.cpp	22865.cpp
0	0	300	0.623333	187	14566.cpp	23074.cpp
0	0	353.5	0.743989	263	14566.cpp	23215.cpp
0	0	283.5	0.493827	140	14566.cpp	23836.cpp
0	0	366	0.844262	309	14566.cpp	24249.cpp
0	0	319.5	0.647887	207	14566.cpp	24900.cpp
0	0	538	1.1487	618	14566.cpp	25440.cpp
0	0	310	0.6	186	14566.cpp	2627.cpp
0	0	313	0.661342	207	14566.cpp	26823.cpp
0	0	346	0.702312	243	14566.cpp	29006.cpp
0	0	321.5	0.702955	226	14566.cpp	30738.cpp
0	0	373	0.806971	301	14566.cpp	31258.cpp
0	0	279	0.462366	129	14566.cpp	31474.cpp
0	0	345	0.768116	265	14566.cpp	32153.cpp
0	0	330	0.7	231	14566.cpp	3484.cpp
0	0	285	0.54386	155	14566.cpp	3489.cpp
0	0	285	0.54386	155	14566.cpp	3535.cpp
0	0	341	0.727273	248	14566.cpp	3939.cpp
0	0	265	0.460377	122	14566.cpp	4206.cpp
0	0	332.5	0.655639	218	14566.cpp	4417.cpp
0	0	330	0.7	231	14566.cpp	5219.cpp
0	0	354	0.765537	271	14566.cpp	8051.cpp
0	0	284	0.485915	138	14566.cpp	839.cpp
0	0	329	0.705167	232	14566.cpp	8705.cpp
0	0	301.5	0.507463	153	14566.cpp	8995.cpp
0	0	347	0.726225	252	14566.cpp	9573.cpp
0	0	314	0.436306	137	14925.cpp	14956.cpp
0	0	378.5	0.623514	236	14925.cpp	15148.java
0	0	327	0.620795	203	14925.cpp	1532.cpp
0	0	333	0.546547	182	14925.cpp	16479.cpp
0	0	354	0.584746	207	14925.cpp	18303.cpp
0	0	336	0.514881	173	14925.cpp	18912.cpp
0	0	424.5	0.739694	314	14925.cpp	19077.cpp
0	0	382.5	0.664052	254	14925.cpp	19392.dpr
0	0	493	0.906694	447	14925.cpp	19399.cpp
0	0	343	0.574344	197	14925.cpp	20371.cpp
0	0	355	0.532394	189	14925.cpp	22865.cpp
0	0	333	0.531532	177	14925.cpp	23074.cpp
0	0	386.5	0.649418	251	14925.cpp	23215.cpp
0	0	316.5	0.524487	166	14925.cpp	23836.cpp
0	0	399	0.639098	255	14925.cpp	24249.cpp
0	0	352.5	0.52766	186	14925.cpp	24900.cpp
0	0	571	1.02102	583	14925.cpp	25440.cpp
0	0	343	0.54519	187	14925.cpp	2627.cpp
0	0	346	0.560694	194	14925.cpp	26823.cpp
0	0	379	0.635884	241	14925.cpp	29006.cpp
0	0	354.5	0.552891	196	14925.cpp	30738.cpp
0	0	406	0.667488	271	14925.cpp	31258.cpp
0	0	312	0.474359	148	14925.cpp	31474.cpp
0	0	378	0.619048	234	14925.cpp	32153.cpp
0	0	363	0.501377	182	14925.cpp	3484.cpp
0	0	318	0.471698	150	14925.cpp	3489.cpp
0	0	318	0.471698	150	14925.cpp	3535.cpp
0	0	374	0.620321	232	14925.cpp	3939.cpp
0	0	298	0.57047	170	14925.cpp	4206.cpp
0	0	365.5	0.588235	215	14925.cpp	4417.cpp
0	0	363	0.501377	182	14925.cpp	5219.cpp
0	0	387	0.617571	239	14925.cpp	8051.cpp
0	0	317	0.545741	173	14925.cpp	839.cpp
0	0	362	0.508287	184	14925.cpp	8705.cpp
0	0	334.5	0.562033	188	14925.cpp	8995.cpp
0	0	380	0.626316	238	14925.cpp	9573.cpp
0	0	371.5	0.608345	226	14956.cpp	15148.java
0	0	320	0.528125	169	14956.cpp	1532.cpp
0	0	326	0.46319	151	14956.cpp	16479.cpp
0	0	347	0.585014	203	14956.cpp	18303.cpp
0	0	329	0.550152	181	14956.cpp	18912.cpp
0	0	417.5	0.713772	298	14956.cpp	19077.cpp
0	0	375.5	0.668442	251	14956.cpp	19392.dpr
0	0	486	0.893004	434	14956.cpp	19399.cpp
0	0	336	0.532738	179	14956.cpp	20371.cpp
0	0	348	0.537356	187	14956.cpp	22865.cpp
0	0	326	0.493865	161	14956.cpp	23074.cpp
0	0	379.5	0.671937	255	14956.cpp	23215.cpp
0	0	309.5	0.452342	140	14956.cpp	23836.cpp
0	0	392	0.670918	263	14956.cpp	24249.cpp
0	0	345.5	0.47178	163	14956.cpp	24900.cpp
0	0	564	0.998227	563	14956.cpp	25440.cpp
0	0	336	0.458333	154	14956.cpp	2627.cpp
0	0	339	0.548673	186	14956.cpp	26823.cpp
0	0	372	0.569892	212	14956.cpp	29006.cpp
0	0	347.5	0.526619	183	14956.cpp	30738.cpp
0	0	399	0.641604	256	14956.cpp	31258.cpp
0	0	305	0.32459	99	14956.cpp	31474.cpp
0	0	371	0.603774	224	14956.cpp	32153.cpp
0	0	356	0.519663	185	14956.cpp	3484.cpp
0	0	311	0.405145	126	14956.cpp	3489.cpp
0	0	311	0.405145	126	14956.cpp	3535.cpp
0	0	367	0.59673	219	14956.cpp	3939.cpp
0	0	291	0.515464	150	14956.cpp	4206.cpp
0	0	358.5	0.529986	190	14956.cpp	4417.cpp
0	0	356	0.519663	185	14956.cpp	5219.cpp
0	0	380	0.557895	212	14956.cpp	8051.cpp
0	0	310	0.403226	125	14956.cpp	839.cpp
0	0	355	0.523944	186	14956.cpp	8705.cpp
0	0	327.5	0.396947	130	14956.cpp	8995.cpp
0	0	373	0.541555	202	14956.cpp	9573.cpp
0	0	384.5	0.585176	225	15148.java	1532.cpp
0	0	390.5	0.535211	209	15148.java	16479.cpp
0	0	411.5	0.588092	242	15148.java	18303.cpp
0	0	393.5	0.604828	238	15148.java	18912.cpp
0	0	482	0.591286	285	15148.java	19077.cpp
0	0	440	0.575	253	15148.java	19392.dpr
0	0	550.5	0.732062	403	15148.java	19399.cpp
0	0	400.5	0.601748	241	15148.java	20371.cpp
0	0	412.5	0.521212	215	15148.java	22865.cpp
0	0	390.5	0.586428	229	15148.java	23074.cpp
0	0	444	0.563063	250	15148.java	23215.cpp
0	0	374	0.617647	231	15148.java	23836.cpp
0	0	456.5	0.552026	252	15148.java	24249.cpp
0	0	410	0.580488	238	15148.java	24900.cpp
0	0	628.5	0.789181	496	15148.java	25440.cpp
0	0	400.5	0.58427	234	15148.java	2627.cpp
0	0	403.5	0.565056	228	15148.java	26823.cpp
0	0	436.5	0.579611	253	15148.java	29006.cpp
0	0	412	0.529126	218	15148.java	30738.cpp
0	0	463.5	0.539374	250	15148.java	31258.cpp
0	0	369.5	0.603518	223	15148.java	31474.cpp
0	0	435.5	0.498278	217	15148.java	32153.cpp
0	0	420.5	0.51843	218	15148.java	3484.cpp
0	0	375.5	0.52996	199	15148.java	3489.cpp
0	0	375.5	0.52996	199	15148.java	3535.cpp
0	0	431.5	0.521437	225	15148.java	3939.cpp
0	0	355.5	0.66948	238	15148.java	4206.cpp
0	0	423	0.593381	251	15148.java	4417.cpp
0	0	420.5	0.51843	218	15148.java	5219.cpp
0	0	444.5	0.56243	250	15148.java	8051.cpp
0	0	374.5	0.648865	243	15148.java	839.cpp
0	0	419.5	0.519666	218	15148.java	8705.cpp
0	0	392	0.630102	247	15148.java	8995.cpp
0	0	437.5	0.454857	199	15148.java	9573.cpp
0	0	339	0.421829	143	1532.cpp	16479.cpp
0	0	360	0.527778	190	1532.cpp	18303.cpp
0	0	342	0.526316	180	1532.cpp	18912.cpp
0	0	430.5	0.662021	285	1532.cpp	19077.cpp
0	0	388.5	0.656371	255	1532.cpp	19392.dpr
0	0	499	0.841683	420	1532.cpp	19399.cpp
0	0	349	0.438395	153	1532.cpp	20371.cpp
0	0	361	0.620499	224	1532.cpp	22865.cpp
0	0	339	0.519174	176	1532.cpp	23074.cpp
0	0	392.5	0.532484	209	1532.cpp	23215.cpp
0	0	322.5	0.477519	154	1532.cpp	23836.cpp
0	0	405	0.669136	271	1532.cpp	24249.cpp
0	0	358.5	0.574616	206	1532.cpp	24900.cpp
0	0	577	0.979203	565	1532.cpp	25440.cpp
0	0	349	0.415473	145	1532.cpp	2627.cpp
0	0	352	0.477273	168	1532.cpp	26823.cpp
0	0	385	0.594805	229	1532.cpp	29006.cpp
0	0	360.5	0.493759	178	1532.cpp	30738.cpp
0	0	412	0.565534	233	1532.cpp	31258.cpp
0	0	318	0.509434	162	1532.cpp	31474.cpp
0	0	384	0.539062	207	1532.cpp	32153.cpp
0	0	369	0.523035	193	1532.cpp	3484.cpp
0	0	324	0.518519	168	1532.cpp	3489.cpp
0	0	324	0.518519	168	1532.cpp	3535.cpp
0	0	380	0.581579	221	1532.cpp	3939.cpp
0	0	304	0.424342	129	1532.cpp	4206.cpp
0	0	371.5	0.567968	211	1532.cpp	4417.cpp
0	0	369	0.523035	193	1532.cpp	5219.cpp
0	0	393	0.529262	208	1532.cpp	8051.cpp
0	0	323	0.421053	136	1532.cpp	839.cpp
0	0	368	0.521739	192	1532.cpp	8705.cpp
0	0	340.5	0.522761	178	1532.cpp	8995.cpp
0	0	386	0.531088	205	1532.cpp	9573.cpp
0	0	366	0.502732	184	16479.cpp	18303.cpp
0	0	348	0.491379	171	16479.cpp	18912.cpp
0	0	436.5	0.678121	296	16479.cpp	19077.cpp
0	0	394.5	0.648923	256	16479.cpp	19392.dpr
0	0	505	0.829703	419	16479.cpp	19399.cpp
0	0	355	0.476056	169	16479.cpp	20371.cpp
0	0	367	0.52861	194	16479.cpp	22865.cpp
0	0	345	0.449275	155	16479.cpp	23074.cpp
0	0	398.5	0.544542	217	16479.cpp	23215.cpp
0	0	328.5	0.465753	153	16479.cpp	23836.cpp
0	0	411	0.593674	244	16479.cpp	24249.cpp
0	0	364.5	0.529492	193	16479.cpp	24900.cpp
0	0	583	0.931389	543	16479.cpp	25440.cpp
0	0	355	0.402817	143	16479.cpp	2627.cpp
0	0	358	0.472067	169	16479.cpp	26823.cpp
0	0	391	0.598465	234	16479.cpp	29006.cpp
0	0	366.5	0.439291	161	16479.cpp	30738.cpp
0	0	418	0.485646	203	16479.cpp	31258.cpp
0	0	324	0.493827	160	16479.cpp	31474.cpp
0	0	390	0.479487	187	16479.cpp	32153.cpp
0	0	375	0.445333	167	16479.cpp	3484.cpp
0	0	330	0.442424	146	16479.cpp	3489.cpp
0	0	330	0.442424	146	16479.cpp	3535.cpp
0	0	386	0.484456	187	16479.cpp	3939.cpp
0	0	310	0.474194	147	16479.cpp	4206.cpp
0	0	377.5	0.577483	218	16479.cpp	4417.cpp
0	0	375	0.445333	167	16479.cpp	5219.cpp
0	0	399	0.498747	199	16479.cpp	8051.cpp
0	0	329	0.474164	156	16479.cpp	839.cpp
0	0	374	0.451872	169	16479.cpp	8705.cpp
0	0	346.5	0.496392	172	16479.cpp	8995.cpp
0	0	392	0.456633	179	16479.cpp	9573.cpp
0	0	369	0.512195	189	18303.cpp	18912.cpp
0	0	457.5	0.625137	286	18303.cpp	19077.cpp
0	0	415.5	0.596871	248	18303.cpp	19392.dpr
0	0	526	0.741445	390	18303.cpp	19399.cpp
0	0	376	0.537234	202	18303.cpp	20371.cpp
0	0	388	0.528351	205	18303.cpp	22865.cpp
0	0	366	0.437158	160	18303.cpp	23074.cpp
0	0	419.5	0.543504	228	18303.cpp	23215.cpp
0	0	349.5	0.515021	180	18303.cpp	23836.cpp
0	0	432	0.571759	247	18303.cpp	24249.cpp
0	0	385.5	0.529183	204	18303.cpp	24900.cpp
0	0	604	0.850993	514	18303.cpp	25440.cpp
0	0	376	0.5	188	18303.cpp	2627.cpp
0	0	379	0.48285	183	18303.cpp	26823.cpp
0	0	412	0.592233	244	18303.cpp	29006.cpp
0	0	387.5	0.495484	192	18303.cpp	30738.cpp
0	0	439	0.56492	248	18303.cpp	31258.cpp
0	0	345	0.585507	202	18303.cpp	31474.cpp
0	0	411	0.532847	219	18303.cpp	32153.cpp
0	0	396	0.492424	195	18303.cpp	3484.cpp
0	0	351	0.575499	202	18303.cpp	3489.cpp
0	0	351	0.575499	202	18303.cpp	3535.cpp
0	0	407	0.501229	204	18303.cpp	3939.cpp
0	0	331	0.540785	179	18303.cpp	4206.cpp
0	0	398.5	0.521957	208	18303.cpp	4417.cpp
0	0	396	0.492424	195	18303.cpp	5219.cpp
0	0	420	0.485714	204	18303.cpp	8051.cpp
0	0	350	0.537143	188	18303.cpp	839.cpp
0	0	395	0.498734	197	18303.cpp	8705.cpp
0	0	367.5	0.508844	187	18303.cpp	8995.cpp
0	0	413	0.513317	212	18303.cpp	9573.cpp
0	0	439.5	0.666667	293	18912.cpp	19077.cpp
0	0	397.5	0.603774	240	18912.cpp	19392.dpr
0	0	508	0.812992	413	18912.cpp	19399.cpp
0	0	358	0.558659	200	18912.cpp	20371.cpp
0	0	370	0.57027	211	18912.cpp	22865.cpp
0	0	348	0.474138	165	18912.cpp	23074.cpp
0	0	401.5	0.610212	245	18912.cpp	23215.cpp
0	0	331.5	0.546003	181	18912.cpp	23836.cpp
0	0	414	0.495169	205	18912.cpp	24249.cpp
0	0	367.5	0.514286	189	18912.cpp	24900.cpp
0	0	586	0.923208	541	18912.cpp	25440.cpp
0	0	358	0.427374	153	18912.cpp	2627.cpp
0	0	361	0.484765	175	18912.cpp	26823.cpp
0	0	394	0.576142	227	18912.cpp	29006.cpp
0	0	369.5	0.441137	163	18912.cpp	30738.cpp
0	0	421	0.591449	249	18912.cpp	31258.cpp
0	0	327	0.53211	174	18912.cpp	31474.cpp
0	0	393	0.516539	203	18912.cpp	32153.cpp
0	0	378	0.428571	162	18912.cpp	3484.cpp
0	0	333	0.552553	184	18912.cpp	3489.cpp
0	0	333	0.552553	184	18912.cpp	3535.cpp
0	0	389	0.485861	189	18912.cpp	3939.cpp
0	0	313	0.495208	155	18912.cpp	4206.cpp
0	0	380.5	0.536137	204	18912.cpp	4417.cpp
0	0	378	0.428571	162	18912.cpp	5219.cpp
0	0	402	0.542289	218	18912.cpp	8051.cpp
0	0	332	0.472892	157	18912.cpp	839.cpp
0	0	377	0.435013	164	18912.cpp	8705.cpp
0	0	349.5	0.486409	170	18912.cpp	8995.cpp
0	0	395	0.559494	221	18912.cpp	9573.cpp
0	0	486	0.559671	272	19077.cpp	19392.dpr
0	0	596.5	0.583403	348	19077.cpp	19399.cpp
0	0	446.5	0.653975	292	19077.cpp	20371.cpp
0	0	458.5	0.656489	301	19077.cpp	22865.cpp
0	0	436.5	0.671249	293	19077.cpp	23074.cpp
0	0	490	0.602041	295	19077.cpp	23215.cpp
0	0	420	0.709524	298	19077.cpp	23836.cpp
0	0	502.5	0.587065	295	19077.cpp	24249.cpp
0	0	456	0.618421	282	19077.cpp	24900.cpp
0	0	674.5	0.708673	478	19077.cpp	25440.cpp
0	0	446.5	0.6271	280	19077.cpp	2627.cpp
0	0	449.5	0.638487	287	19077.cpp	26823.cpp
0	0	482.5	0.53886	260	19077.cpp	29006.cpp
0	0	458	0.648472	297	19077.cpp	30738.cpp
0	0	509.5	0.488714	249	19077.cpp	31258.cpp
0	0	415.5	0.700361	291	19077.cpp	31474.cpp
0	0	481.5	0.602285	290	19077.cpp	32153.cpp
0	0	466.5	0.595927	278	19077.cpp	3484.cpp
0	0	421.5	0.714116	301	19077.cpp	3489.cpp
0	0	421.5	0.714116	301	19077.cpp	3535.cpp
0	0	477.5	0.62199	297	19077.cpp	3939.cpp
0	0	401.5	0.784558	315	19077.cpp	4206.cpp
0	0	469	0.558635	262	19077.cpp	4417.cpp
0	0	466.5	0.595927	278	19077.cpp	5219.cpp
0	0	490.5	0.528033	259	19077.cpp	8051.cpp
0	0	420.5	0.682521	287	19077.cpp	839.cpp
0	0	465.5	0.601504	280	19077.cpp	8705.cpp
0	0	438	0.659817	289	19077.cpp	8995.cpp
0	0	483.5	0.546019	264	19077.cpp	9573.cpp
0	0	554.5	0.660054	366	19392.dpr	19399.cpp
0	0	404.5	0.635352	257	19392.dpr	20371.cpp
0	0	416.5	0.581032	242	19392.dpr	22865.cpp
0	0	394.5	0.659062	260	19392.dpr	23074.cpp
0	0	448	0.604911	271	19392.dpr	23215.cpp
0	0	378	0.669312	253	19392.dpr	23836.cpp
0	0	460.5	0.536374	247	19392.dpr	24249.cpp
0	0	414	0.586957	243	19392.dpr	24900.cpp
0	0	632.5	0.788933	499	19392.dpr	25440.cpp
0	0	404.5	0.603214	244	19392.dpr	2627.cpp
0	0	407.5	0.615951	251	19392.dpr	26823.cpp
0	0	440.5	0.560726	247	19392.dpr	29006.cpp
0	0	416	0.603365	251	19392.dpr	30738.cpp
0	0	467.5	0.57754	270	19392.dpr	31258.cpp
0	0	373.5	0.677376	253	19392.dpr	31474.cpp
0	0	439.5	0.584755	257	19392.dpr	32153.cpp
0	0	424.5	0.56066	238	19392.dpr	3484.cpp
0	0	379.5	0.679842	258	19392.dpr	3489.cpp
0	0	379.5	0.679842	258	19392.dpr	3535.cpp
0	0	435.5	0.590126	257	19392.dpr	3939.cpp
0	0	359.5	0.751043	270	19392.dpr	4206.cpp
0	0	427	0.552693	236	19392.dpr	4417.cpp
0	0	424.5	0.56066	238	19392.dpr	5219.cpp
0	0	448.5	0.559643	251	19392.dpr	8051.cpp
0	0	378.5	0.68428	259	19392.dpr	839.cpp
0	0	423.5	0.561983	238	19392.dpr	8705.cpp
0	0	396	0.613636	243	19392.dpr	8995.cpp
0	0	441.5	0.527746	233	19392.dpr	9573.cpp
0	0	515	0.803883	414	19399.cpp	20371.cpp
0	0	527	0.796964	420	19399.cpp	22865.cpp
0	0	505	0.811881	410	19399.cpp	23074.cpp
0	0	558.5	0.70188	392	19399.cpp	23215.cpp
0	0	488.5	0.867963	424	19399.cpp	23836.cpp
0	0	571	0.674256	385	19399.cpp	24249.cpp
0	0	524.5	0.751192	394	19399.cpp	24900.cpp
0	0	743	0.613728	456	19399.cpp	25440.cpp
0	0	515	0.761165	392	19399.cpp	2627.cpp
0	0	518	0.762548	395	19399.cpp	26823.cpp
0	0	551	0.635209	350	19399.cpp	29006.cpp
0	0	526.5	0.769231	405	19399.cpp	30738.cpp
0	0	578	0.638408	369	19399.cpp	31258.cpp
0	0	484	0.892562	432	19399.cpp	31474.cpp
0	0	550	0.729091	401	19399.cpp	32153.cpp
0	0	535	0.736449	394	19399.cpp	3484.cpp
0	0	490	0.895918	439	19399.cpp	3489.cpp
0	0	490	0.895918	439	19399.cpp	3535.cpp
0	0	546	0.725275	396	19399.cpp	3939.cpp
0	0	470	0.912766	429	19399.cpp	4206.cpp
0	0	537.5	0.669767	360	19399.cpp	4417.cpp
0	0	535	0.736449	394	19399.cpp	5219.cpp
0	0	559	0.633274	354	19399.cpp	8051.cpp
0	0	489	0.830266	406	19399.cpp	839.cpp
0	0	534	0.7397	395	19399.cpp	8705.cpp
0	0	506.5	0.799605	405	19399.cpp	8995.cpp
0	0	552	0.686594	379	19399.cpp	9573.cpp
0	0	377	0.559682	211	20371.cpp	22865.cpp
0	0	355	0.571831	203	20371.cpp	23074.cpp
0	0	408.5	0.565483	231	20371.cpp	23215.cpp
0	0	338.5	0.508124	172	20371.cpp	23836.cpp
0	0	421	0.648456	273	20371.cpp	24249.cpp
0	0	374.5	0.550067	206	20371.cpp	24900.cpp
0	0	593	0.932546	553	20371.cpp	25440.cpp
0	0	365	0.509589	186	20371.cpp	2627.cpp
0	0	368	0.557065	205	20371.cpp	26823.cpp
0	0	401	0.563591	226	20371.cpp	29006.cpp
0	0	376.5	0.576361	217	20371.cpp	30738.cpp
0	0	428	0.556075	238	20371.cpp	31258.cpp
0	0	334	0.556886	186	20371.cpp	31474.cpp
0	0	400	0.5725	229	20371.cpp	32153.cpp
0	0	385	0.571429	220	20371.cpp	3484.cpp
0	0	340	0.497059	169	20371.cpp	3489.cpp
0	0	340	0.497059	169	20371.cpp	3535.cpp
0	0	396	0.593434	235	20371.cpp	3939.cpp
0	0	320	0.478125	153	20371.cpp	4206.cpp
0	0	387.5	0.505806	196	20371.cpp	4417.cpp
0	0	385	0.571429	220	20371.cpp	5219.cpp
0	0	409	0.574572	235	20371.cpp	8051.cpp
0	0	339	0.389381	132	20371.cpp	839.cpp
0	0	384	0.578125	222	20371.cpp	8705.cpp
0	0	356.5	0.530154	189	20371.cpp	8995.cpp
0	0	402	0.58209	234	20371.cpp	9573.cpp
0	0	367	0.569482	209	22865.cpp	23074.cpp
0	0	420.5	0.570749	240	22865.cpp	23215.cpp
0	0	350.5	0.57632	202	22865.cpp	23836.cpp
0	0	433	0.586605	254	22865.cpp	24249.cpp
0	0	386.5	0.522639	202	22865.cpp	24900.cpp
0	0	605	0.890909	539	22865.cpp	25440.cpp
0	0	377	0.546419	206	22865.cpp	2627.cpp
0	0	380	0.589474	224	22865.cpp	26823.cpp
0	0	413	0.615012	254	22865.cpp	29006.cpp
0	0	388.5	0.522523	203	22865.cpp	30738.cpp
0	0	440	0.595455	262	22865.cpp	31258.cpp
0	0	346	0.534682	185	22865.cpp	31474.cpp
0	0	412	0.543689	224	22865.cpp	32153.cpp
0	0	397	0.508816	202	22865.cpp	3484.cpp
0	0	352	0.460227	162	22865.cpp	3489.cpp
0	0	352	0.460227	162	22865.cpp	3535.cpp
0	0	408	0.553922	226	22865.cpp	3939.cpp
0	0	332	0.665663	221	22865.cpp	4206.cpp
0	0	399.5	0.57572	230	22865.cpp	4417.cpp
0	0	397	0.508816	202	22865.cpp	5219.cpp
0	0	421	0.553444	233	22865.cpp	8051.cpp
0	0	351	0.623932	219	22865.cpp	839.cpp
0	0	396	0.515152	204	22865.cpp	8705.cpp
0	0	368.5	0.58616	216	22865.cpp	8995.cpp
0	0	414	0.545894	226	22865.cpp	9573.cpp
0	0	398.5	0.526976	210	23074.cpp	23215.cpp
0	0	328.5	0.47793	157	23074.cpp	23836.cpp
0	0	411	0.532847	219	23074.cpp	24249.cpp
0	0	364.5	0.436214	159	23074.cpp	24900.cpp
0	0	583	0.893654	521	23074.cpp	25440.cpp
0	0	355	0.416901	148	23074.cpp	2627.cpp
0	0	358	0.472067	169	23074.cpp	26823.cpp
0	0	391	0.560102	219	23074.cpp	29006.cpp
0	0	366.5	0.45839	168	23074.cpp	30738.cpp
0	0	418	0.562201	235	23074.cpp	31258.cpp
0	0	324	0.515432	167	23074.cpp	31474.cpp
0	0	390	0.515385	201	23074.cpp	32153.cpp
0	0	375	0.44	165	23074.cpp	3484.cpp
0	0	330	0.475758	157	23074.cpp	3489.cpp
0	0	330	0.475758	157	23074.cpp	3535.cpp
0	0	386	0.489637	189	23074.cpp	3939.cpp
0	0	310	0.490323	152	23074.cpp	4206.cpp
0	0	377.5	0.548344	207	23074.cpp	4417.cpp
0	0	375	0.44	165	23074.cpp	5219.cpp
0	0	399	0.491228	196	23074.cpp	8051.cpp
0	0	329	0.462006	152	23074.cpp	839.cpp
0	0	374	0.446524	167	23074.cpp	8705.cpp
0	0	346.5	0.522367	181	23074.cpp	8995.cpp
0	0	392	0.505102	198	23074.cpp	9573.cpp
0	0	382	0.573298	219	23215.cpp	23836.cpp
0	0	464.5	0.59634	277	23215.cpp	24249.cpp
0	0	418	0.586124	245	23215.cpp	24900.cpp
0	0	636.5	0.82011	522	23215.cpp	25440.cpp
0	0	408.5	0.541004	221	23215.cpp	2627.cpp
0	0	411.5	0.532199	219	23215.cpp	26823.cpp
0	0	444.5	0.56243	250	23215.cpp	29006.cpp
0	0	420	0.535714	225	23215.cpp	30738.cpp
0	0	471.5	0.485684	229	23215.cpp	31258.cpp
0	0	377.5	0.670199	253	23215.cpp	31474.cpp
0	0	443.5	0.529876	235	23215.cpp	32153.cpp
0	0	428.5	0.525088	225	23215.cpp	3484.cpp
0	0	383.5	0.589309	226	23215.cpp	3489.cpp
0	0	383.5	0.589309	226	23215.cpp	3535.cpp
0	0	439.5	0.555176	244	23215.cpp	3939.cpp
0	0	363.5	0.646492	235	23215.cpp	4206.cpp
0	0	431	0.577726	249	23215.cpp	4417.cpp
0	0	428.5	0.525088	225	23215.cpp	5219.cpp
0	0	452.5	0.548066	248	23215.cpp	8051.cpp
0	0	382.5	0.575163	220	23215.cpp	839.cpp
0	0	427.5	0.530994	227	23215.cpp	8705.cpp
0	0	400	0.6075	243	23215.cpp	8995.cpp
0	0	445.5	0.540965	241	23215.cpp	9573.cpp
0	0	394.5	0.692015	273	23836.cpp	24249.cpp
0	0	348	0.474138	165	23836.cpp	24900.cpp
0	0	566.5	0.976169	553	23836.cpp	25440.cpp
0	0	338.5	0.493353	167	23836.cpp	2627.cpp
0	0	341.5	0.389458	133	23836.cpp	26823.cpp
0	0	374.5	0.582109	218	23836.cpp	29006.cpp
0	0	350	0.525714	184	23836.cpp	30738.cpp
0	0	401.5	0.56538	227	23836.cpp	31258.cpp
0	0	307.5	0.471545	145	23836.cpp	31474.cpp
0	0	373.5	0.551539	206	23836.cpp	32153.cpp
0	0	358.5	0.535565	192	23836.cpp	3484.cpp
0	0	313.5	0.475279	149	23836.cpp	3489.cpp
0	0	313.5	0.475279	149	23836.cpp	3535.cpp
0	0	369.5	0.576455	213	23836.cpp	3939.cpp
0	0	293.5	0.412266	121	23836.cpp	4206.cpp
0	0	361	0.523546	189	23836.cpp	4417.cpp
0	0	358.5	0.535565	192	23836.cpp	5219.cpp
0	0	382.5	0.564706	216	23836.cpp	8051.cpp
0	0	312.5	0.3552	111	23836.cpp	839.cpp
0	0	357.5	0.542657	194	23836.cpp	8705.cpp
0	0	330	0.457576	151	23836.cpp	8995.cpp
0	0	375.5	0.57257	215	23836.cpp	9573.cpp
0	0	430.5	0.562137	242	24249.cpp	24900.cpp
0	0	649	0.739599	480	24249.cpp	25440.cpp
0	0	421	0.56057	236	24249.cpp	2627.cpp
0	0	424	0.570755	242	24249.cpp	26823.cpp
0	0	457	0.568928	260	24249.cpp	29006.cpp
0	0	432.5	0.520231	225	24249.cpp	30738.cpp
0	0	484	0.545455	264	24249.cpp	31258.cpp
0	0	390	0.669231	261	24249.cpp	31474.cpp
0	0	456	0.502193	229	24249.cpp	32153.cpp
0	0	441	0.46712	206	24249.cpp	3484.cpp
0	0	396	0.681818	270	24249.cpp	3489.cpp
0	0	396	0.681818	270	24249.cpp	3535.cpp
0	0	452	0.471239	213	24249.cpp	3939.cpp
0	0	376	0.715426	269	24249.cpp	4206.cpp
0	0	443.5	0.547914	243	24249.cpp	4417.cpp
0	0	441	0.46712	206	24249.cpp	5219.cpp
0	0	465	0.548387	255	24249.cpp	8051.cpp
0	0	395	0.660759	261	24249.cpp	839.cpp
0	0	440	0.472727	208	24249.cpp	8705.cpp
0	0	412.5	0.618182	255	24249.cpp	8995.cpp
0	0	458	0.4869	223	24249.cpp	9573.cpp
0	0	602.5	0.856432	516	24900.cpp	25440.cpp
0	0	374.5	0.4753	178	24900.cpp	2627.cpp
0	0	377.5	0.471523	178	24900.cpp	26823.cpp
0	0	410.5	0.533496	219	24900.cpp	29006.cpp
0	0	386	0.474093	183	24900.cpp	30738.cpp
0	0	437.5	0.548571	240	24900.cpp	31258.cpp
0	0	343.5	0.483261	166	24900.cpp	31474.cpp
0	0	409.5	0.534799	219	24900.cpp	32153.cpp
0	0	394.5	0.476553	188	24900.cpp	3484.cpp
0	0	349.5	0.483548	169	24900.cpp	3489.cpp
0	0	349.5	0.483548	169	24900.cpp	3535.cpp
0	0	405.5	0.512947	208	24900.cpp	3939.cpp
0	0	329.5	0.637329	210	24900.cpp	4206.cpp
0	0	397	0.523929	208	24900.cpp	4417.cpp
0	0	394.5	0.476553	188	24900.cpp	5219.cpp
0	0	418.5	0.501792	210	24900.cpp	8051.cpp
0	0	348.5	0.548063	191	24900.cpp	839.cpp
0	0	393.5	0.477764	188	24900.cpp	8705.cpp
0	0	366	0.52459	192	24900.cpp	8995.cpp
0	0	411.5	0.507898	209	24900.cpp	9573.cpp
0	0	593	0.907251	538	25440.cpp	2627.cpp
0	0	596	0.850671	507	25440.cpp	26823.cpp
0	0	629	0.783784	493	25440.cpp	29006.cpp
0	0	604.5	0.861869	521	25440.cpp	30738.cpp
0	0	656	0.717988	471	25440.cpp	31258.cpp
0	0	562	1.01601	571	25440.cpp	31474.cpp
0	0	628	0.780255	490	25440.cpp	32153.cpp
0	0	613	0.814029	499	25440.cpp	3484.cpp
0	0	568	0.994718	565	25440.cpp	3489.cpp
0	0	568	0.994718	565	25440.cpp	3535.cpp
0	0	624	0.786859	491	25440.cpp	3939.cpp
0	0	548	1.07664	590	25440.cpp	4206.cpp
0	0	615.5	0.818846	504	25440.cpp	4417.cpp
0	0	613	0.814029	499	25440.cpp	5219.cpp
0	0	637	0.737834	470	25440.cpp	8051.cpp
0	0	567	0.955908	542	25440.cpp	839.cpp
0	0	612	0.818627	501	25440.cpp	8705.cpp
0	0	584.5	0.956373	559	25440.cpp	8995.cpp
0	0	630	0.746032	470	25440.cpp	9573.cpp
0	0	368	0.472826	174	2627.cpp	26823.cpp
0	0	401	0.516209	207	2627.cpp	29006.cpp
0	0	376.5	0.401062	151	2627.cpp	30738.cpp
0	0	428	0.518692	222	2627.cpp	31258.cpp
0	0	334	0.523952	175	2627.cpp	31474.cpp
0	0	400	0.49	196	2627.cpp	32153.cpp
0	0	385	0.41039	158	2627.cpp	3484.cpp
0	0	340	0.538235	183	2627.cpp	3489.cpp
0	0	340	0.538235	183	2627.cpp	3535.cpp
0	0	396	0.484848	192	2627.cpp	3939.cpp
0	0	320	0.45625	146	2627.cpp	4206.cpp
0	0	387.5	0.464516	180	2627.cpp	4417.cpp
0	0	385	0.41039	158	2627.cpp	5219.cpp
0	0	409	0.403423	165	2627.cpp	8051.cpp
0	0	339	0.421829	143	2627.cpp	839.cpp
0	0	384	0.416667	160	2627.cpp	8705.cpp
0	0	356.5	0.451613	161	2627.cpp	8995.cpp
0	0	402	0.495025	199	2627.cpp	9573.cpp
0	0	404	0.554455	224	26823.cpp	29006.cpp
0	0	379.5	0.416337	158	26823.cpp	30738.cpp
0	0	431	0.489559	211	26823.cpp	31258.cpp
0	0	337	0.554896	187	26823.cpp	31474.cpp
0	0	403	0.51861	209	26823.cpp	32153.cpp
0	0	388	0.438144	170	26823.cpp	3484.cpp
0	0	343	0.536443	184	26823.cpp	3489.cpp
0	0	343	0.536443	184	26823.cpp	3535.cpp
0	0	399	0.468672	187	26823.cpp	3939.cpp
0	0	323	0.544892	176	26823.cpp	4206.cpp
0	0	390.5	0.501921	196	26823.cpp	4417.cpp
0	0	388	0.438144	170	26823.cpp	5219.cpp
0	0	412	0.497573	205	26823.cpp	8051.cpp
0	0	342	0.418129	143	26823.cpp	839.cpp
0	0	387	0.444444	172	26823.cpp	8705.cpp
0	0	359.5	0.528512	190	26823.cpp	8995.cpp
0	0	405	0.503704	204	26823.cpp	9573.cpp
0	0	412.5	0.603636	249	29006.cpp	30738.cpp
0	0	464	0.512931	238	29006.cpp	31258.cpp
0	0	370	0.618919	229	29006.cpp	31474.cpp
0	0	436	0.598624	261	29006.cpp	32153.cpp
0	0	421	0.541568	228	29006.cpp	3484.cpp
0	0	376	0.648936	244	29006.cpp	3489.cpp
0	0	376	0.648936	244	29006.cpp	3535.cpp
0	0	432	0.601852	260	29006.cpp	3939.cpp
0	0	356	0.685393	244	29006.cpp	4206.cpp
0	0	423.5	0.401417	170	29006.cpp	4417.cpp
0	0	421	0.541568	228	29006.cpp	5219.cpp
0	0	445	0.519101	231	29006.cpp	8051.cpp
0	0	375	0.565333	212	29006.cpp	839.cpp
0	0	420	0.547619	230	29006.cpp	8705.cpp
0	0	392.5	0.461146	181	29006.cpp	8995.cpp
0	0	438	0.541096	237	29006.cpp	9573.cpp
0	0	439.5	0.534699	235	30738.cpp	31258.cpp
0	0	345.5	0.564399	195	30738.cpp	31474.cpp
0	0	411.5	0.415553	171	30738.cpp	32153.cpp
0	0	396.5	0.322825	128	30738.cpp	3484.cpp
0	0	351.5	0.512091	180	30738.cpp	3489.cpp
0	0	351.5	0.512091	180	30738.cpp	3535.cpp
0	0	407.5	0.348466	142	30738.cpp	3939.cpp
0	0	331.5	0.518854	172	30738.cpp	4206.cpp
0	0	399	0.528822	211	30738.cpp	4417.cpp
0	0	396.5	0.322825	128	30738.cpp	5219.cpp
0	0	420.5	0.46849	197	30738.cpp	8051.cpp
0	0	350.5	0.482168	169	30738.cpp	839.cpp
0	0	395.5	0.318584	126	30738.cpp	8705.cpp
0	0	368	0.527174	194	30738.cpp	8995.cpp
0	0	413.5	0.449819	186	30738.cpp	9573.cpp
0	0	397	0.670025	266	31258.cpp	31474.cpp
0	0	463	0.475162	220	31258.cpp	32153.cpp
0	0	448	0.491071	220	31258.cpp	3484.cpp
0	0	403	0.630273	254	31258.cpp	3489.cpp
0	0	403	0.630273	254	31258.cpp	3535.cpp
0	0	459	0.525054	241	31258.cpp	3939.cpp
0	0	383	0.699739	268	31258.cpp	4206.cpp
0	0	450.5	0.481687	217	31258.cpp	4417.cpp
0	0	448	0.491071	220	31258.cpp	5219.cpp
0	0	472	0.461864	218	31258.cpp	8051.cpp
0	0	402	0.579602	233	31258.cpp	839.cpp
0	0	447	0.496644	222	31258.cpp	8705.cpp
0	0	419.5	0.588796	247	31258.cpp	8995.cpp
0	0	465	0.458065	213	31258.cpp	9573.cpp
0	0	369	0.598916	221	31474.cpp	32153.cpp
0	0	354	0.542373	192	31474.cpp	3484.cpp
0	0	309	0.433657	134	31474.cpp	3489.cpp
0	0	309	0.433657	134	31474.cpp	3535.cpp
0	0	365	0.578082	211	31474.cpp	3939.cpp
0	0	289	0.49827	144	31474.cpp	4206.cpp
0	0	356.5	0.575035	205	31474.cpp	4417.cpp
0	0	354	0.542373	192	31474.cpp	5219.cpp
0	0	378	0.624339	236	31474.cpp	8051.cpp
0	0	308	0.487013	150	31474.cpp	839.cpp
0	0	353	0.546742	193	31474.cpp	8705.cpp
0	0	325.5	0.473118	154	31474.cpp	8995.cpp
0	0	371	0.568733	211	31474.cpp	9573.cpp
0	0	420	0.385714	162	32153.cpp	3484.cpp
0	0	375	0.533333	200	32153.cpp	3489.cpp
0	0	375	0.533333	200	32153.cpp	3535.cpp
0	0	431	0.433875	187	32153.cpp	3939.cpp
0	0	355	0.608451	216	32153.cpp	4206.cpp
0	0	422.5	0.56568	239	32153.cpp	4417.cpp
0	0	420	0.385714	162	32153.cpp	5219.cpp
0	0	444	0.477477	212	32153.cpp	8051.cpp
0	0	374	0.580214	217	32153.cpp	839.cpp
0	0	419	0.384248	161	32153.cpp	8705.cpp
0	0	391.5	0.579821	227	32153.cpp	8995.cpp
0	0	437	0.409611	179	32153.cpp	9573.cpp
0	0	360	0.494444	178	3484.cpp	3489.cpp
0	0	360	0.494444	178	3484.cpp	3535.cpp
0	0	416	0.418269	174	3484.cpp	3939.cpp
0	0	340	0.555882	189	3484.cpp	4206.cpp
0	0	407.5	0.503067	205	3484.cpp	4417.cpp
1	1	405	0	0	3484.cpp	5219.cpp
0	0	429	0.449883	193	3484.cpp	8051.cpp
0	0	359	0.498607	179	3484.cpp	839.cpp
1	1	404	0.0049505	2	3484.cpp	8705.cpp
0	0	376.5	0.50996	192	3484.cpp	8995.cpp
0	0	422	0.440758	186	3484.cpp	9573.cpp
1	1	315	0	0	3489.cpp	3535.cpp
0	0	371	0.566038	210	3489.cpp	3939.cpp
0	0	295	0.542373	160	3489.cpp	4206.cpp
0	0	362.5	0.623448	226	3489.cpp	4417.cpp
0	0	360	0.494444	178	3489.cpp	5219.cpp
0	0	384	0.601562	231	3489.cpp	8051.cpp
0	0	314	0.547771	172	3489.cpp	839.cpp
0	0	359	0.501393	180	3489.cpp	8705.cpp
0	0	331.5	0.54902	182	3489.cpp	8995.cpp
0	0	377	0.541114	204	3489.cpp	9573.cpp
0	0	371	0.566038	210	3535.cpp	3939.cpp
0	0	295	0.542373	160	3535.cpp	4206.cpp
0	0	362.5	0.623448	226	3535.cpp	4417.cpp
0	0	360	0.494444	178	3535.cpp	5219.cpp
0	0	384	0.601562	231	3535.cpp	8051.cpp
0	0	314	0.547771	172	3535.cpp	839.cpp
0	0	359	0.501393	180	3535.cpp	8705.cpp
0	0	331.5	0.54902	182	3535.cpp	8995.cpp
0	0	377	0.541114	204	3535.cpp	9573.cpp
0	0	351	0.584046	205	3939.cpp	4206.cpp
0	0	418.5	0.537634	225	3939.cpp	4417.cpp
0	0	416	0.418269	174	3939.cpp	5219.cpp
0	0	440	0.468182	206	3939.cpp	8051.cpp
0	0	370	0.583784	216	3939.cpp	839.cpp
0	0	415	0.424096	176	3939.cpp	8705.cpp
0	0	387.5	0.552258	214	3939.cpp	8995.cpp
0	0	433	0.427252	185	3939.cpp	9573.cpp
0	0	342.5	0.59562	204	4206.cpp	4417.cpp
0	0	340	0.555882	189	4206.cpp	5219.cpp
0	0	364	0.634615	231	4206.cpp	8051.cpp
0	0	294	0.377551	111	4206.cpp	839.cpp
0	0	339	0.551622	187	4206.cpp	8705.cpp
0	0	311.5	0.516854	161	4206.cpp	8995.cpp
0	0	357	0.613445	219	4206.cpp	9573.cpp
0	0	407.5	0.503067	205	4417.cpp	5219.cpp
0	0	431.5	0.493627	213	4417.cpp	8051.cpp
0	0	361.5	0.450899	163	4417.cpp	839.cpp
0	0	406.5	0.509225	207	4417.cpp	8705.cpp
0	0	379	0.485488	184	4417.cpp	8995.cpp
0	0	424.5	0.513545	218	4417.cpp	9573.cpp
0	0	429	0.449883	193	5219.cpp	8051.cpp
0	0	359	0.498607	179	5219.cpp	839.cpp
1	1	404	0.0049505	2	5219.cpp	8705.cpp
0	0	376.5	0.50996	192	5219.cpp	8995.cpp
0	0	422	0.440758	186	5219.cpp	9573.cpp
0	0	383	0.501305	192	8051.cpp	839.cpp
0	0	428	0.455607	195	8051.cpp	8705.cpp
0	0	400.5	0.526841	211	8051.cpp	8995.cpp
0	0	446	0.464126	207	8051.cpp	9573.cpp
0	0	358	0.505587	181	839.cpp	8705.cpp
0	0	330.5	0.450832	149	839.cpp	8995.cpp
0	0	376	0.577128	217	839.cpp	9573.cpp
0	0	375.5	0.516644	194	8705.cpp	8995.cpp
0	0	421	0.43943	185	8705.cpp	9573.cpp
0	0	393.5	0.543837	214	8995.cpp	9573.cpp
